<?xml version="1.0" encoding="UTF-8"?>
<!DOCTYPE hibernate-configuration PUBLIC
	"-//Hibernate/Hibernate Configuration DTD 3.0//EN"
	"http://www.hibernate.org/dtd/hibernate-configuration-3.0.dtd">
	
	<hibernate-configuration>
		<session-factory>
		<property name="connection.url">jdbc:sqlserver://DESKTOP-77UPH39:1433;databaseName=LibraryNewDB</property>
		<property name="connection.url">sa</property>
		<property name="connection.password">anower33</property>
		<property name="connection.driver_class">com.mysql.jdbc.Driver</property>
		<property name="dialect">org.hibernate.dialect.MySQLDialect</property>
		
		<property name="hbm2ddl.auto">update</property>
		<property name="show_sql">true</property>
		<property name="hibernate.format_sql">true</property>
		
		<mapping resource="entity/Student.hbm.xml"/>
		</session-factory>
	</hibernate-configuration>