<?xml version="1.0" encoding="UTF-8"?>
<!DOCTYPE hibernate-mapping PUBLIC 
    "-//Hibernate/Hibernate Mapping DTD 3.0//EN"
    "http://www.hibernate.org/dtd/hibernate-mapping-3.0.dtd">
  
  	<hibernate-mapping>
  		<class name="entity.Class" table="Class">
  			
  		   <id name="Id" column="Id">
  			<generator class="native"/>
  			</id> 

  			<property name="Name" column="Name" type="string"/>
  			
  			<set name="students">
  				<key column="classId"></key>
  				<one-to-many class="entity.Student"/>
  			</set> 
  		
  			
  		</class>
  	</hibernate-mapping>  