<?xml version="1.0" encoding="UTF-8" ?>
<!DOCTYPE struts PUBLIC
	"-//Apache Software Foundation//DTD Struts Configuration 2.3//EN"
	"http://struts.apache.org/dtds/struts-2.3.dtd">

<struts>
    <constant name="struts.enable.DynamicMethodInvocation" value="false" />
    <constant name="struts.devMode" value="true" />
    <package name="default" namespace="/" extends="struts-default">
        <action name="helloworld" class="action.HelloWorldAction">
        <result name="success">/success.jsp</result>
        </action>
    </package>
</struts>
