<?xml version="1.0" encoding="UTF-8"?>
<!DOCTYPE hibernate-mapping PUBLIC 
    "-//Hibernate/Hibernate Mapping DTD 3.0//EN"
    "http://www.hibernate.org/dtd/hibernate-mapping-3.0.dtd">
  
  	<hibernate-mapping>
  		<class name="entity.Course" table="Course">
  			
  		   <id name="Id" column="Id">
  			<generator class="native"/>
  			</id> 
  		
  			<property name="Name" column="Name" type="string"/>
  	
  			<set name="students" table="s_c">
				<key column="cid"></key>
				<many-to-many class="entity.Student" column="sid"></many-to-many>  			
  			</set>
  		</class>
  	</hibernate-mapping>  
