<?xml version="1.0" encoding="UTF-8"?>
<!DOCTYPE hibernate-mapping PUBLIC 
    "-//Hibernate/Hibernate Mapping DTD 3.0//EN"
    "http://www.hibernate.org/dtd/hibernate-mapping-3.0.dtd">
  
  	<hibernate-mapping>
  		<class name="entity.Student" table="Student">
  			
  		   <id name="Id" column="Id">
  			<generator class="native"/>
  			</id> 
  			<property name="No" column="No" type="string"/>
  			<property name="Name" column="Name" type="string"/>
  			<property name="Age" column="Age" type="integer"/>
  			<property name="Gender" column="Gender" type="string"/>
  			 
		<many-to-one name="myClass" class="entity.Class" column="classId"></many-to-one>
  			
  		</class>
  	</hibernate-mapping>