<?xml version="1.0" encoding="UTF-8" ?>
<!DOCTYPE struts PUBLIC "-//Apache Software Foundation//DTD Struts Configuration 2.1//EN" "http://struts.apache.org/dtds/struts-2.1.dtd">
<struts>
	<package name="default" namespace="/" extends="struts-default">
	<action name="user_login" class="action.loginAction">
		<result name="success">/success.jsp</result>
		<result name="error">/error.jsp</result>
	</action>
	
	<action name="user_login2" class="action.loginAction2">
		<result name="success">/success.jsp</result>
		<result name="error">/error.jsp</result>
	</action>
	
	<action name="user_login3" class="action.loginAction3">
		<result name="success">/success.jsp</result>
		<result name="error">/error.jsp</result>
	</action>
	</package>
</struts>    
