<?xml version="1.0" encoding="UTF-8" ?>
<!DOCTYPE struts PUBLIC "-//Apache Software Foundation//DTD Struts Configuration 2.1//EN" "http://struts.apache.org/dtds/struts-2.1.dtd">
<struts>
	<package name="default" namespace="/" extends="struts-default">
	<interceptors>
	 	<interceptor name="privilege" class="interceptor.privilegeInterceptor"></interceptor>
	 	<interceptor-stack name="myStack">
		 	<interceptor-ref name="defaultStack"></interceptor-ref>
		 	<interceptor-ref name="privilege"></interceptor-ref>
		 	 
	 	</interceptor-stack>
 	
 	</interceptors>
 	<!-- log in action -->
 	
 	<action name ="login" class="action.LoginAction">
	 	<result name ="success">/index.jsp</result>
	 	<result name ="input">/login.jsp</result>
 	</action>
 	
 	<!-- book action -->
 	<action name ="book_*" class="action.BookAction" method="{1}">
	 	<result name ="success">/success.jsp</result>
	 	<result name ="login">/login.jsp</result>
	 	<interceptor-ref name="myStack"> </interceptor-ref>
 	</action>
 	
 	</package>
</struts>    
