<?xml version="1.0" encoding="UTF-8" ?>
<!DOCTYPE struts PUBLIC "-//Apache Software Foundation//DTD Struts Configuration 2.1//EN" "http://struts.apache.org/dtds/struts-2.1.dtd">
<struts>
	<package name="default" namespace="/" extends="struts-default">
	<action name="user" class="action.UserAction" method="add">
		<result>/index.jsp</result>
		<result name="add">/add.jsp</result>
	</action>
	<action name="register" class="action.RegisterAction">
		<result name="success">/success.jsp</result>
		<result name="error">/errorMessageTags.jsp</result>
	</action>
	</package>
</struts>    
