<?xml version="1.0" encoding="UTF-8" ?>
<!DOCTYPE struts PUBLIC "-//Apache Software Foundation//DTD Struts Configuration 2.1//EN" "http://struts.apache.org/dtds/struts-2.1.dtd">
<struts>
	<package name="default" namespace="/" extends="struts-default">
		<!-- file upload -->
		
		<action name="fileUpload" class="action.FileUploadAction">
			<result name="success">/result.jsp</result>
			             <result name="input">/fileUpload.jsp</result>
             <interceptor-ref name="defaultStack">
                    <param name="fileUpload.maximumSize">4194304</param> 
                    <param name="fileUpload.allowedExtensions">.txt,.doc,.jpg </param>
                    <param name="fileUpload.allowedTypes">
                                 text/plain,application/msword,image/jpeg
                    </param>
             </interceptor-ref>
		</action>
		
		<!-- file download -->
		
		<action name="simpleDownload" class="action.SimpleDownloadAction">
			<result type="stream">
				<param name="contentType">text/plain</param>
				<param name="contentDisposition">attachment; filename="Expe2 JSTL.doc"</param>
				<param name="inputName">downloadFile</param>
			</result>
		</action>
	</package>
</struts>    
