<?xml version="1.0" encoding="UTF-8" ?>
<!DOCTYPE struts PUBLIC "-//Apache Software Foundation//DTD Struts Configuration 2.1//EN" "http://struts.apache.org/dtds/struts-2.1.dtd">
<struts>
	<package name="default" namespace="/" extends="struts-default">
	<!-- case1: 
	<action name="userAction" class="action.UserAction">
	<result name="success">success.jsp</result>
	</action> -->
	
	<!-- case 2: 
	<action name="userAddAction" class="action.UserAction" method="add">
	<result name="success">success.jsp</result>
	<result name="add">add.jsp</result>
	</action> 
	
	<action name="userEditAction" class="action.UserAction" method="edit">
	<result name="success">success.jsp</result>
	<result name="edit">edit.jsp</result>
	</action> -->
	
	<!-- case 3: 
	<action name="userAction_*" class="action.UserAction" method="{1}">
	<result name="success">/success.jsp</result>
	<result name="add">/add.jsp</result>
	<result name="edit">/edit.jsp</result>
	</action> -->
	
	<!-- case 4: -->
	<action name="*_*" class="action.{1}" method="{2}">
	<result name="success">/success.jsp</result>
	<result name="add" type="dispatcher">/add.jsp</result>
	<result name="edit" type="redirect">/edit.jsp</result>
	</action>
	
	</package>
</struts>    
