<?xml version="1.0" encoding="UTF-8"?>
<beans
	xmlns="http://www.springframework.org/schema/beans"
	xmlns:xsi="http://www.w3.org/2001/XMLSchema-instance"
	xmlns:p="http://www.springframework.org/schema/p"
	xsi:schemaLocation="http://www.springframework.org/schema/beans http://www.springframework.org/schema/beans/spring-beans-3.1.xsd">

	<bean id="bean1" class="bean.Bean1"></bean>
	<bean id="bean2" class="factory.MyBean2Factory" factory-method="createBean"></bean>
	
	<bean id="myBean3Factory" class="factory.MyBean3Factory"></bean>
	<bean id="bean3" factory-bean="myBean3Factory" factory-method="createBean"></bean>
	
	<!-- <bean id="hello" class="bean.Bean1" scope="singleton"></bean> -->
	<bean id="hello" class="bean.Bean1" scope="prototype"></bean>
	
	<!--  Constructor Injection -->
	<bean id="user1" class="bean.User">
		<constructor-arg index="0" value="jack"></constructor-arg>
		<constructor-arg index="1" value="123"></constructor-arg>
	</bean>
	
	<!-- Setter Injection -->
	<bean id="user2" class="bean.User">
		<property name="username" value="tom"></property>
		<property name="password" value="123"></property>
	</bean>
</beans>